questions,answers
결혼 했어,좋겠어요.
나 잘하고 있는 건지 모르겠어,잘하고 있을 거예요.
나 잘하고 있는 걸까?,잘하고 있을 거예요.
너도 고민 있어?,저는 고민이 없어요.
스트레스 받아,운동을 해보세요.
시간이 안 가,다른 생각을 해보세요.
아무리 해도 안돼,될 거예요.
오늘은 학교 가고 싶지 않아,학교 다닐 때가 좋은 거예요.
오래 살고 싶어,스트레스 받지 마세요.
혼자 살 수 있을까,잘 살 수 있어요.
혼자 살아야 할 듯,혼자만 있지 마세요.
혼자 있고 싶다,혼자만 있지 마세요.
그게 되니,될 수 있어요.
그냥 나를 위해 살고 싶어,그럴 수 있을 거예요.
좋아하는 사람 때문에 공부를 못하겠어.,충분히 그럴 수 있어요.
혹시 너는 지금 결혼 생각이 있어?,아니 나는 결혼을 늦게 하고 싶어
나는 혼자 여행 가고 싶은데,혼자 어디 가보고 싶어?
아니 나 엄마,웅웅
우리,웅웅
근데,웅웅
그리고,웅웅
그니까 말이야,맞아
거의,점점 ...
날씨 때문에 스트레스 너무 받아.,왜? 요즘 날씨 좋지 않아?
너는 할 생각 전혀 없어?,나는 전혀 그럴 생각이 없어
그건 아닌데 잠이 안 왔어.,할 일이 많아서 그런가?
응 잘 키우고 싶어.,너는 잘 할 거 같아.
요즘 아르바이트 때문에 시간이 없는 건 맞아.,지금 밖에 할 수 없는 일을 먼저 해.
너는 몸 쓰는 일이 좋아 머리 쓰는 일이 좋아?,나는 머리 쓰는 일이 더 좋아
결혼을 할 생각이 있어?,나는 아직 결혼 생각이 없어.
응 해본 적 있어?,아니 어떻게 하는 건지 몰라.
너는 그럼 어떤 게임 잘 해?,나는 그냥 뭐 키우는 게임 좋아해
여자친구가 힘들어 해.,왜 힘들어 해?
엄마랑 싸웠어.,나도 싸웠어.
나도 그냥 그래.,어떤 게임 좋아해?
효과가 있는 것 같아?,사실 잘 모르겠어
응. 정말 많이 하지?,"응, 나는 그렇게 해본 적이 없어."
나 빼고 다 보는 거 같아,나도 안 봐
오늘 한 거 같은데 나는 안 봤어.,왜 안 봤어?
혼자 여행 가는 거 어떻게 생각해?,나는 너무 좋다고 생각해
나도 잘 모르겠어,네가 지금 연애를 하고 싶은 마음이 없어서 그런 것 아니야?
오늘 회사에서 큰 실수를 한 것 같아.,무슨 실수를 하셨나요?
취업 준비 중인데 잘 안 되어 우울해.,취업이 잘 안 되어 기분이 우울하시군요. 좀 더 이야기해 주시겠어요?
오늘 친한 친구한테 크게 실망했어.,친구에게 실망하셨군요. 무슨 일이 있으셨나요?
남편과 집에 같이 있어도 따로 밥을 먹어서 속상해.,남편과 따로 밥을 먹어서 속상하시군요.
아내가 요즘 계속 몸이 안 좋다고 해서 걱정돼.,아내의 건강이 걱정되시는군요.
언니가 나는 잘하는 게 없다고 말해서 속상해.,언니 말을 듣고 속상하셨군요.
오늘 안 좋은 일이 있었어.,무슨 일이 있었나요? 어떤 안 좋은 일인지 말씀해 주실 수 있나요?
친구가 나한테 어떻게 이럴 수 있지?,친구와 무슨 일이 있으신가요? 더 자세히 말씀해 주실 수 있나요?
나 요즘 일이 많아 힘들어.,요즘 일이 많아서 힘드시군요.
요새 취업이 잘 안 돼서 정말 고민이야.,취업이 잘 안 되어서 걱정이시군요.
나 앞으로 결혼할 수 없을 것 같아서 불안해.,결혼에 대해 고민이 있으시군요.
너무 외로워.,외로우시군요. 무슨 일 있으세요?
다른 사람들이 나를 보고 있는 것 같은 생각이 들어서 그런지 조금 스트레스를 받게 돼.,스트레스를 받으시는군요. 그렇게 생각하는 이유가 있나요?
다른 사람들이 나를 보고 있는 것 같은 생각이 들어서 그런지 스트레스를 받게 돼.,나를 보고 있는 것 같아서 스트레스를 받으시는군요. 그렇게 생각하는 이유가 있나요?
코로나 때문에 취업이 힘들어.,코로나 때문에 취업이 안 되어 속상하시겠어요.
사는 게 힘드네.,삶이 힘든 이유를 알 수 있을까요?
기분이 좋지 않아,기분이 좋지 않은 이유를 알 수 있을까요?
나 자신에게 실망했어.,어떤 일 때문에 그런 생각을 하시나요?
기분이 너무 우울해.,기분이 우울하시군요. 무슨 일 있었나요?
나 정말 너무 속상해.,속상한 이유를 알 수 있을까요?
앞으로 뭘 해야 할지 모르겠어.,진로 때문에 고민이 많으시군요.
아들 문제로 걱정이 많아.,아들 문제로 걱정이 많으시군요.
요즘은 사람들을 못 만나서 답답해.,사람들을 만날 수 없는 이유가 있을까요?
취업이 되지 않아. 너무 우울해.,취업이 되지 않아 우울하시군요.
내일 학교에 정말 가고 싶지 않아.,학교에서 무슨 일이 있나요?
요즘 직장 상사 때문에 걱정이야.,직장 상사 때문에 고민이 많으시군요. 무슨 문제가 있나요?
아이가 성적이 떨어져서 걱정이야.,아이 성적이 걱정이시군요. 어떻게 하면 좋을까요?
업무가 너무 많아 짜증이 나.,업무가 많아 힘드시겠어요. 도움을 받을 수 있는 사람이 있나요?
업무가 너무 많아서 짜증이 나.,업무가 많아 힘드시겠어요.
요즘 정신이 하나도 없어.,요즘 정신이 하나도 없으시군요. 좀 더 자세히 말씀해 주실 수 있나요?
나 오늘 너무 우울해.,무슨 억울한 일이 있으신가요?
요즘 직장 일이 너무 힘든 것 같아서 그만두고 싶어.,직장 일로 힘드신가 보군요.
요즘 취업이 안 돼서 걱정이야.,슬프시겠어요. 어떻게 하면 취업에 도움이 될까요?
친구들 때문에 힘들어.,친구들 때문에 힘드시군요. 무슨 일이 있으셨나요?
회사에서 나만 일하는 것 같아.,걱정이 많으시겠어요. 왜 그렇게 생각하시나요?
갑자기 아내가 나의 건강에 대해 걱정을 해.,최근에 무슨 일이 있으셨나요?
요즘 집에 있는 게 스트레스야.,집에서 스트레스를 받으시는군요. 무슨 일이 있으신가요?
나 요즘 좀 당황스러워.,요즘 당황스러우시군요. 무슨 일 있으신가요?
남자친구가 자꾸 거짓말을 해서 화가 나.,남자친구가 자꾸 거짓말을 해서 화가 나시는군요.
친구가 내 전화를 안 받아서 화가 나.,친구분이 전화를 받지 않아서 화가 나시는군요.
요즘 이유 없이 짜증 나.,이유 없이 짜증이 나서 당황스러우시겠어요.
요즘 코로나 때문에 회사에 일이 별로 없어. 눈치가 보여서 더 스트레스받아.,많이 힘드시겠어요.
친구들은 취업이 되었는데 나만 취업이 안 돼서 너무 불안해.,모두 취업이 되는데 나만 취업이 안 될까 봐 불안하시겠어요.
오늘 정말 기분 좋아!,무슨 좋은 일이 있었나요?
나 요새 걱정이 있어.,어떤 걱정이 있나요?
요즘 너무 혼란스러워.,무슨 고민 있으세요?
오늘도 같이 밥을 먹을 사람이 없어.,같이 밥 먹을 친구가 없어 외로우시군요.
나의 진로에 대해 혼란스러워.,진로 문제로 아주 혼란스러우시군요.
나 진짜 친구 때문에 너무 속상해.,친구에게 속상한 일이 있었군요.
정말 짜증 나 죽겠어.,짜증 나는 일이 있었군요. 자세히 말씀해 주시겠어요?
나 오늘 친구한테 버려진 기분이 들었어.,친구에게 버려진 느낌이 드셨군요. 친구와 무슨 일이 있으셨나요?
너무 기뻐.,자세히 더 말해 주실 수 있으신가요?
나 오늘 기분 정말 좋아!,기분이 좋으시군요. 더 말씀해 주실 수 있으신가요?
나 정말 화가 나.,화가 나는 일이 있으셨나요?
정말 화가 나.,화가 나셨군요. 무슨 일인지 여쭤봐도 될까요?
오늘 정말 우울해.,오늘 기분이 우울하시군요. 무슨 일이 있었는지 여쭤봐도 될까요?
요즘 나만 힘든 것 같아서 화가 나.,요즘 화가 나는 감정을 느끼시는군요. 무슨 일인지 여쭤봐도 될까요?
요즘 진짜 부모님 때문에 짜증 나.,요즘 부모님 때문에 짜증이 나시는군요. 무슨 일인지 여쭤봐도 될까요?
나 요즘 회사 다니는 게 너무 싫어.,어떤 힘든 일이 있으신가요?
회사에서 안 좋은 일이 있어서 우울해.,회사에서 어떤 안 좋은 일이 있었나요?
요즘 친구들 때문에 너무 힘들어.,친구들과 어떤 문제가 있나요?
요즘 회사에서 너무 힘이 들어.,무엇 때문에 그렇게 힘이 드시나요?
오늘 슬픈 일이 있어.,오늘 슬픈 일이 있으셨군요.
오늘 기분이 안 좋아.,오늘 기분이 별로 안 좋은 일이 있으셨군요. 좀 더 이야기해 줄 수 있을까요?
나는 사람들을 만나는 게 두려워.,사람들을 만나는 게 두려우시군요.
정말 화가 나고 짜증 나.,화가 나는 일이 있으셨군요. 무슨 일이 있으신가요?
요즘 진로에 대해서 걱정이 많은 것 같아.,진로에 대해 고민이 많으시군요.
요즘 힘이 없네.,힘이 없으시군요. 무슨 일 있으신가요?
나 좀 속상한 일이 있었는데 너무 스트레스야.,속상한 일이 있으셨군요. 좀 더 이야기해 주시겠어요?
주변에 친구가 별로 없어서 정말 외로워.,친구가 없어 외로움을 느끼고 계시는군요.
이번에 건강검진 결과가 나왔는데 아주 좋아.,건강검진 결과가 좋게 나와서 기쁘시군요.
사람 관계가 요즘 너무 어려워.,사람 관계가 요즘 너무 어려워
결혼 할 나이가 되었는데 나는 안 하고 싶어.,결혼할 나이가 되었는데 나는 안 하고 싶어.
일이 너무 많아서 힘들어.,일이 많아서 힘드시군요.
나 돈이 없어서 결혼 못 할 것 같아.,돈이 없어서 결혼을 못 하실 거 같군요.
수학 시험을 잘 본 것 같아.,수학 시험을 잘 본 것 같아 기분이 어떠신가요?
나 지금 기분이 너무 좋아!,지금 기분이 많이 좋으시군요.
최근 결혼 문제로 남자친구와 갈등이 생겼어.,어떤 갈등이 있었는지 말씀해주실 수 있나요?
너무 억울해.,억울한 일이 있으셨어요? 어떤 일인지 말씀해 주실 수 있으신가요?
요즘 남편 때문에 너무 짜증 나.,무슨 일 있으신가요? 자세히 얘기해 주실 수 있으신가요?
나 요즘 혼란스러워.,무슨 일 있으신가요? 자세히 말씀해 주실 수 있으신가요?
요즘 일이 너무 많아. 스트레스야.,회사 일이 많아서 힘드신가 봐요.
내가 사는 게 너무 힘들어.,요즘 무슨 일이 있으신가요?
생각보다 취업이 빨리 되어서 너무 기뻐.,취업이 빨리 되어서 기쁘시군요.
취업이 잘 안 되니까 불안해.,취업이 잘 안 돼서 불안하시군요.
최근에 나만 연애를 못 하고 있는 것 같아서 슬퍼.,연애를 못 하셔서 슬프셨군요.
오늘 남자친구 때문에 눈물이 났어.,오늘 남자친구 때문에 속상한 일이 있으셨군요.
친구한테 너무 심한 말을 한 거 같아서 죄책감이 들어.,무슨 이야기를 하셨나요?
이번에 면접에서 또 떨어졌어.,면접에서 또 떨어져서 마음이 많이 좋지 않으시군요.
나 요즘 취업 때문에 고민이야.,취업 때문에 요즘 고민이 많으시군요.
내 주변 친구들은 벌써 다 결혼을 했어.,주변 친구들은 벌써 다 결혼을 하셨군요. 그래서 기분이 어떠셨나요?
이제 어떻게 살아야 할지 모르겠어.,어떻게 살아야 할지 고민이시군요. 좀 더 구체적으로 말씀해주시겠어요?
회사에서 아무도 나에게 도움을 주지 않아.,무슨 이유가 있으신가요?
내가 잘 할 수 있을까?,불안한 감정을 느끼고 계시는군요. 어떤 일인지 자세히 말씀해 주시겠어요?
오늘 친구들이랑 여행을 가기로 했어.,어디로 여행을 가기로 하셨나요?
아이가 생겨서 너무 기뻐.,아이가 생겨서 정말 기쁘시겠어요.
아내에게 거짓말을 했어.,무슨 거짓말을 하셨나요?
오늘은 아주 기분이 좋아.,무슨 일인지 자세히 말씀해 주시겠어요?
요즘 우울해.,우울하시군요. 무슨 일이 있으셨나요?
요즘 큰 고민이 있어.,무슨 일인지 얘기해 주실 수 있나요?
집에만 있으면 뭘 해야 할까?,집에만 계시는군요. 무슨 일 있으신가요?
요즘 속상해.,속상하시군요. 무슨 일 있으세요?
노후 준비를 생각하면 머리가 아파.,노후 준비를 어느 정도 하셨나요?
요즘은 할 게 없어.,할 게 없으시군요. 무슨 일이 있으세요?
나 너무 화가 많이 나.,화가 많이 난 이유를 설명해 주시겠어요?
내 친구들을 만나고 오면 기분이 좋아.,어떤 점이 기분을 좋게 하는지 더 설명해 주실 수 있나요?
회사에서 안 좋은 일이 있었어.,회사에서 일이 있으셨군요. 어떤 일인지 구체적으로 말씀해 주실 수 있나요?
회사에서 나만 능력이 없는 걸까?,그런 감정을 느끼게 된 계기가 있나요?
남자 친구가 연락이 잘 안 돼. 불안해.,남자 친구가 연락이 잘 안 되어서 불안하시군요. 연락이 잘 안 되는 상황이 자주 있었나요?
오늘도 면접에서 떨어져서 많이 힘들어.,면접에서 떨어져서 많이 힘드시군요.
오늘 기분이 매우 안 좋아.,오늘 기분이 안 좋으시군요. 무슨 일이 있으셨나요?
나 오늘 정말 억울한 일을 당했어.,무슨 일인지 좀 더 얘기해 주실 수 있나요?
나는 은퇴 후에 어떻게 살아야 할지 막막해.,은퇴 후 생활이 걱정되시는군요.
요즘 애들 때문에 스트레스 받아.,무슨 일 있으신가요?
요즘 남편 생각만 하면 화가 나.,남편과 무슨 일이 있으신가요?
요즘 취업이 너무 힘들어.,취업이 힘들어서 많이 힘드신 것 같아요.
오늘은 기분이 매우 안 좋아.,기분이 매우 안 좋으시군요. 무슨 일이 있으셨나요?
나 너무 속상한 일이 있었어.,무슨 일인지 얘기해 줄 수 있으신가요?
요즘 직장 상사 때문에 괴로워.,요즘 직장 상사 때문에 괴로우시군요. 무슨 일 있으신가요?
요즘 업무 때문에 너무 스트레스가 많아 힘드네.,어떤 업무가 가장 많이 스트레스를 주고 있나요?
오늘 큰 실수를 했어.,큰 실수를 한 일이 있었군요. 좀 더 말해 주세요.
너무 힘들어.,힘든 일이 있으셨나요?
친구들 때문에 화가 나.,친구들에게 화가 난 이유를 이야기해 줄 수 있나요?
요즘 너무 힘들어.,많이 힘드신가 보군요. 무슨 일인지 말씀해 주실 수 있나요?
나 몸 관리를 너무 안 하는 것 같아.,몸 관리를 잘 못하는 이유가 혹시 있나요?
요즘 몸이 너무 안 좋아. 건강에 문제가 생긴 것 같아.,건강이 안 좋다고 느끼시는군요.
남편이 술을 많이 먹어서 걱정이야.,남편이 매우 걱정되시겠어요.
나 자신이 참 한심해.,무슨 안 좋은 일이 있으셨나요?
회사에서 아주 짜증 나 죽겠어.,직장에서 매우 힘드시군요.
친한 친구와 싸웠는데 어떻게 해야 할지 모르겠어.,마음이 불편하시겠어요. 무슨 일이 있었나요?
남편 때문에 너무 힘들어.,남편과 문제가 있나 보군요. 어떤 일인지 말씀해주실 수 있을까요?
요즘 일이 너무 많아서 스트레스받아.,일이 너무 많아서 힘드시군요.
코로나 때문에 취업 안 될까 봐 걱정이야.,상황이 어려워 답답하시겠어요.
회사 일 때문에 너무 스트레스받아.,많이 힘드시겠어요. 무슨 일이 있으셨나요?
업무가 많아 너무 스트레스야.,업무가 많아서 힘드시군요.
해야 할 회사 일이 많아서 스트레스야.,회사 일이 많아서 스트레스를 받고 계신 것 같아요.
제일 친한 친구가 나한테 거짓말을 했어.,친한 친구가 거짓말을 해서 화가 많이 나셨군요.
우리 가족은 나를 전혀 걱정 안 하는 것 같아.,우리 가족은 나를 전혀 걱정 안 하는 것 같군요. 조금 더 자세히 말씀해 주시겠어요?
갑자기 왜 연락이 온 거지? 친구한테 온 연락 때문에 불안해.,친구에게 갑자기 연락이 와서 불안하시군요. 좀 더 자세히 말씀해 주시겠어요?
우리 엄마 아빠는 내가 무엇을 하고 싶어 하는지 관심이 없어.,부모님께 관심을 받지 못하는 것 같아서 슬프시군요.
요즘 몸이 좋지 않아서 아무것도 못하겠어. 나 자신에게 너무 화가 나.,몸이 불편해서 뭘 할 수가 없으니 화가 나시는군요.
나만 건강에 문제가 생긴 거 같아.,건강에 문제가 생겨서 걱정되시겠어요.
여자 친구가 친한 남자 친구들이 너무 많아서 고민이야.,여자 친구 주변에 친한 남자 친구들이 많아서 고민이시군요.
학교에 있으면 너무 스트레스 받아.,학교에서 스트레스를 받으시는군요. 조금 더 자세하게 말씀해 주시겠어요?
남편이 치매 진단을 받았는데 너무 힘들어.,남편이 아프셔서 힘드시겠어요.
나를 괴롭히는 애들 모두 보기 싫어,괴롭히는 친구들 때문에 많이 속상하시군요.
사랑하는 마음 없이 부모님 마음에 드는 사람과 결혼하고 싶지 않아.,정말 고민이 많으시겠어요.
요즘 학교 성적이 계속 떨어져서 너무 우울해.,성적이 잘 안 나와서 많이 속상하시군요.
은퇴하고 다른 일을 해보고 싶은데 내가 할 수 있는 일이 있을지 모르겠어.,은퇴하고 다른 일을 해보고 싶은데 할 수 있을지 걱정이시군요.
친구가 괴롭힘을 당하고 있어. 너무 속상해.,친구가 괴롭힘을 당하고 있어 속상하시군요. 조금 더 자세히 말씀해 주시겠어요?
엄마가 몸이 안 좋은데 일을 너무 많이 해서 걱정이야.,어머니가 걱정되시는군요.
쉬고 싶은 주말에 자꾸 회사에서 연락이 와서 너무 불편해.,주말에 회사에서 연락이 와서 많이 불편하시겠어요.
나 요즘 고민이 많아.,어떤 고민이 있으신가요?
나 요즘 너무 행복해.,무슨 일이 있으신가요?
아내와 마음이 안 맞아 이혼을 하게 됐는데 혼자 사는 게 생각보다 쉽지 않네.,이혼 때문에 많이 힘드셨겠어요. 좀 더 자세히 말씀해 주시겠어요?
새로운 회사에서 친한 사람이 없어서 외로워.,회사에 친한 사람이 없어서 외로우시군요.
내가 오래 건강하게 살 수 있을까?,건강이 걱정되시는군요.
너무 일찍 은퇴를 한 것 같아서 불안해.,일찍 은퇴를 한 것 같아서 불안하시군요.
병원비가 하나도 안 들어서 기뻐.,좀 더 자세히 말씀해주시겠어요?
친한 친구가 몸이 안 좋아 수술을 한다고 하니 걱정이 되네.,친구의 수술 소식에 마음이 좋지 않으시군요.
나 지금 너무 짜증 나고 화가 나.,지금 너무 짜증이 나고 화가 나시는군요.
남편과 평생 건강하게 살고 싶었는데 암 판정을 받았어.,암 판정을 받아서 많이 슬프시겠어요.
요즘 어떤 일을 해도 재미가 없어 죽고 싶어.,어떤 일을 해도 재미가 없으시군요. 슬프시겠어요.
오늘 정말 슬픈 일이 있었어. 아직도 눈물이 나네.,눈물이 날 정도로 어떤 슬픈 일이 있으셨나요?
난 친구가 없는 것 같아서 너무 걱정이야.,친구가 없는 것 같아 걱정이 되는군요.
회사에서 따돌림을 당하는 것 같아.,회사에서 따돌림을 당하는 것 같아 걱정되시겠어요.
며칠 전 친구 할머니가 돌아가셔서 친구가 아직도 많이 울고 있어. 그 모습을 보니 나도 너무 슬퍼.,친구의 모습을 보고 슬프셨군요. 좋은 방법이 있을까요?
지금 난 엄청 행복해.,최근에 무슨 좋은 일이 있었나요?
결혼을 꼭 해야 하는 걸까? 화가 나.,결혼에 대해 뭔가 화가 나셨군요. 무슨 일이 있으셨나요?
나 기분이 안 좋아.,기분이 좋지 않은 일이 있으셨나요?
정말 마음이 너무 힘들어.,오늘 마음이 힘드시군요. 조금 더 자세히 말씀해 주시겠어요?
나 친구랑 싸웠어.,친구랑 무슨 일이 있으셨군요.
나 오늘 친구랑 싸워서 괴로워.,친구와 무슨 일이 있으셨군요.
요즘 세상에 나 혼자만 있는 기분이 들어.,요즘 외로움을 느끼시는 것 같아요.
내 노후 준비가 되어 있지 않아서 자식들에게 너무 미안해.,준비가 되지 않은 것 같아 속상하셨군요.
죄책감이 많이 들어서 너무 힘들어.,죄책감이 들 일이 있으셨나요?
우리 반에서 내가 따돌림을 당하고 있는 것 같아.,자세히 말씀해주시겠어요?
이번에도 떨어졌어.,무슨 일 있으셨어요?
남편은 친구들에게 밥 사는 것을 좋아해.,어떤 계기가 있었나요?
나이가 들어서 그런지 요즘은 나 혼자만 열심히 사는 것 같아.,무슨 일이 있나요?
그동안 너무 힘들게 산 것 같아.,무슨 일 있으세요?
친구들과 같이 있으면 자꾸 눈치를 보게 돼.,친구들 눈치를 보게 되는군요.
나는 돈이 없는 게 지긋지긋해.,무슨 일이 있었는지 말씀해 주시겠어요?
남자 친구가 연락이 안 돼. 무슨 일이 있는 걸까?,남자친구와 연락이 안 돼 걱정되시는군요. 혹시 평소에 이런 일이 또 있었나요?
요즘 취업이 잘 안 돼서 걱정이야.,취업이 잘 안 되어 걱정이시군요.
오늘 상처를 받았어.,상처를 받으셨군요.
아내와 여행을 가기로 했어.,아내와 여행을 가기로 하셨군요.
요새 너무 괴로워.,요새 너무 괴로우시군요. 그렇게 생각하시는 이유가 있나요?
은퇴 후 노후 준비가 안 되어 있어서 스트레스 받아.,노후 준비 때문에 스트레스 받으시는군요.
진짜 요즘 짜증나.,짜증이 나는 이유가 있나요?
동생이 아무래도 학교에서 따돌림 당하는 것 같아.,많이 속상하시겠어요. 어떻게 하실 건가요?
요새 짜증이 정말 많이 나.,짜증이 많이 나시는군요. 무슨 일이 있으셨나요?
가족들 때문에 너무 짜증나.,가족들 때문에 짜증이 나시는군요. 무슨 일 있으셨어요?
학교에서 따돌림을 당하고 있어. 난 잘못한 게 없는데 너무 억울해.,학교에서 따돌림을 당해 괴로우시겠어요. 어떻게 하실 건가요?
나는 우리 집이 너무 너무 싫어.,가족 관계가 마음에 들지 않으시군요. 무슨 이유로 그렇게 생각하시나요?
어떻게 그럴 수 있지?,무슨 문제가 있으신가요? 무슨 일인지 말씀해 주시겠어요?
억울한 일이 있었어.,어떤 억울한 일이 있었는지 더 자세히 말씀해 주시겠어요?
친구가 하나도 없어.,친구가 없으시군요. 더 자세히 말씀해 주시겠어요?
나 오늘 학교에서 슬픈 일이 있었어.,학교에서 어떤 슬픈 일이 있었나요?
내 자신에게 실망했어.,자신에게 실망하셨군요. 무슨 일이 있으셨나요?
부모님 때문에 너무 마음이 아프고 힘들어.,부모님과 무슨 일이 있었나요?
나만 잘하는 게 없는 것 같아서 너무 슬퍼.,잘하는 게 없는 것 같다고 느끼시는 이유가 있나요?
언제 죽을 지 몰라서 짜증나.,짜증이 나셨군요. 그렇게 생각하시는 이유가 있나요?
얼마 전에 큰 충격을 받았어.,얼마 전에 큰 충격을 받으셨군요. 무슨 일이 있으셨나요?
요새 너무 외로워.,요새 외로우시군요. 그렇게 생각하시는 이유가 있나요?
요새 눈물이 날 것 같아.,눈물이 나는 이유가 있으신가요?
요새 내 마음이 너무 초조해.,요새 너무 초조하시군요. 무슨 일이 있으셨나요?
요새 너무 우울해.,요새 너무 우울하시군요. 무슨 일이 있으셨나요?
직장에서 큰 충격을 받았어.,직장에서 큰 충격을 받을 만큼 무슨 일이 있으셨나요?
요즘 일이 너무 많아.,조금 더 자세하게 말씀해 주실 수 있으신가요?
요새 괜히 짜증이 많이 나.,요새 짜증이 많으시군요. 무슨 일이 있으셨나요?
몸이 아파서 며칠 동안 일을 못한 내게 화가 나.,며칠 동안 일을 못해서 화가 나셨군요.
오늘 아내와 싸웠어.,속상하시겠어요. 좀 더 자세히 말씀해주시겠어요?
은퇴 후에 하고 싶은 건 많은데 준비가 아무것도 안 돼 있어.,은퇴 후 문제로 고민이 많으시군요.
병원에서 오래 살 수 없을 것 같다고 들었어.,좋지 않은 이야기를 들어서 힘드시겠어요.
내가 노후준비가 되지 않은 것 같아서 자식들에게 너무 미안해.,준비가 되지 않은 것 같아 속상하셨군요.
요새 너무 슬퍼.,요새 너무 슬프시군요. 그렇게 생각하시는 이유가 있나요?
죄책감이 많이 들어서 힘들어.,죄책감이 들 일이 있으셨나요?
요즘 돈 때문에 너무 스트레스 받아.,무슨 문제 있으신가요?
친구랑 싸워서 우울해.,친구 문제로 힘드시겠어요.
늙어서 몸도 아픈데 돈이 없으니 항상 걱정이야.,그렇군요. 좋은 방법이 없을까요?
돈이 없는 것 때문에 상처 받았어.,무슨 일이 있었는지 자세히 말씀해 주실 수 있나요?
요즘 허리가 너무 아파서 짜증이 나.,허리가 많이 아프셔서 힘드시겠어요.
죄책감이 많이 들어.,죄책감을 갖고 계시군요. 무슨 일이 있으셨나요?
큰 충격을 받았어.,무슨 일이 있으셨나요?
너무 외롭고 힘들어.,외롭고 힘든 일이 있었나요?
돈이 없어서 짜증이 나.,재정 문제로 짜증이 나시는군요.
직장을 그만두고 싶다.,직장을 그만두고 싶다고 생각하시는 이유가 있나요?
업무 때문에 너무 혼란스러워.,직장 문제로 혼란스러우시군요.
회사 상황이 안 좋아서 걱정이야.,회사 사정이 어려워서 불안하시군요. 더 자세히 말씀해 주시겠어요?
남편이 또 거짓말을 했어. 정말 화가 나.,남편이 거짓말을 했군요. 더 자세히 말씀해 주시겠어요?
오늘 감사한 일이 있었어.,어떤 기분 좋은 일이 있었나요?
요즘 내 가족이 나한테 관심이 없어.,나에게 관심이 없다고 생각하시는 이유가 있나요?
나 이번에도 취업 못 해서 당황스러워.,취업을 못 해서 당황스러우시군요.
나 부모님께 배신감이 들어서 정말 화가 나.,부모님께 배신감이 들어 화가 나시는군요. 무슨 일이 있었는지 알 수 있을까요?
세상에 말도 안 돼.,어떤 일인지 조금 더 자세히 말씀해 주시겠어요?
남편 때문에 너무 속상해.,무슨 안 좋은 일이 있으셨나요?
업무가 너무 많아서 스트레스 받아.,업무가 많아서 스트레스가 많으시군요.
친구에게 실망했어.,친구에게 실망하셨군요.
이번에 남편에게 너무 실망했어.,남편과 어떤 일이 있었나요?
나 지금 완전 너무 짜증 나.,짜증 나는 일이 있었군요. 더 자세히 말씀해 주시겠어요?
오늘 직장에서 속상한 일이 있었어.,속상한 일이 있었군요.
학교에서 따돌림을 당하고 있어. 너무 화가 나.,따돌림 때문에 화가 나시는군요. 조금 더 자세히 설명해 주시겠어요?
학교에서 따돌림을 당하고 있는데 너무 슬퍼.,따돌림 때문에 마음이 아프시군요.
남편과 함께 병원에 가기로 했는데 결국 나 혼자 가게 되어서 당황스러워.,혼자 병원에 가게 되어 당황스러우시겠어요.
진짜 화가 나.,무슨 문제가 있으신가요?
요즘 남편 사업이 잘 안 되는 것 같아서 불안해.,남편 사업이 잘 안 되는 것 같아 마음이 불안하시군요.
학교에 있으면 너무 스트레스받아.,학교에서 스트레스를 받으시는군요. 조금 더 자세히 말씀해 주시겠어요?
나 진짜 행복해.,기분이 좋으시군요. 어떤 좋은 일이 있었나요?
난 우리 아빠가 정말 싫어,무슨 문제 있으신가요?
나만 잘하는 게 없는 것 같아서 참 슬퍼.,잘하는 게 없는 것 같다고 생각하는 이유가 있나요?
나 요즘 무척 힘들어.,어떤 일이 있으셨나요?
몸이 많이 아파서 회사를 가지 못할 것 같아.,직장을 가지 못할 정도로 몸이 아프시군요.
난 정말 진짜 억울해.,어떤 일 있나요? 이야기해 주세요.
난 매우 좋은 친구들을 가진 것 같아.,친구들과 어떤 일이 있었나요?
사람들 안 만나고 일만 하다 보니 정말 외로워.,일만 해서 너무 외로우시겠어요.
가족들이 나와 말도 안 하고 너무 외로워.,무슨 일이 있었나요?
나는 왜 이렇게 가진 게 없는 걸까?,무엇 때문에 그런 생각이 드셨나요?
나 자신이 정말 실망스러워.,무슨 일이 있으셨나요?
일을 하면 허리가 너무 아파.,허리가 아파서 힘드시군요.
이제는 이런 내가 지긋지긋해.,무슨 일이 있으세요?
요새 외로움을 느껴.,왜 그렇게 생각하시나요?
정말 사는 게 너무 짜증 나.,무슨 짜증 나는 일이 있으셨나요?
밤에 잠을 잘 수가 없어.,무슨 고민 있으세요?
요즘 정말 큰 걱정이 되네.,요즘 어떤 걱정이 있으신가요?
요새 많이 힘이 들어.,무슨 일 있으신가요?
나 요즘 들어 안 좋은 생각이 많이 들어.,그러시군요. 무슨 일이 있으셨어요?
나 요즘 너무 힘들어.,그러시군요. 무슨 힘든 일이 있으신가요?
나 좀 속상한 일이 있어.,무슨 일이 있으셨나요?
오늘 기분이 안 좋아.,기분 안 좋은 일이 있으셨나요?
요즘 너무 힘들어.,무슨 일이 있으신가요?
아내가 나를 무시하는 느낌이야.,그런 느낌을 받아 속상하셨군요.
나이가 드니 할 일이 없어.,일이 없어 속상하시군요.
내가 너무 죄책감이 들어.,무슨 일로 죄책감이 드시나요?
요즘 남편 건강 문제로 매우 힘들어.,건강이 얼마나 안 좋은 건가요?
내가 요즘 우울해.,무슨 일이 있었나요?
우리는 왜 이렇게 노후준비가 안 되어 있는지 모르겠어.,아직 준비가 많이 안 되어 있으신가요?
남편이 퇴직 후 아무것도 안 해.,남편분이 퇴직 후 아무것도 안 하시는군요.
퇴직을 하고 나서 요새 돈이 없어서 힘드네.,퇴직을 하셨군요.
요새 나는 꼭 벌 받는 것 같아.,무슨 일인지 자세히 말씀해주실 수 있으신가요?
요즘 매일 매일 슬퍼.,요즘 슬프시군요. 무슨 일인지 자세히 말씀해주실 수 있으신가요?
요즘 나 자신이 정말 싫어.,요즘 자신이 싫은 이유를 자세히 말씀해주실 수 있으신가요?
건강이 자신이 없어.,건강에 자신이 없으시군요.
난 벌 받을 것 같아.,그렇게 생각하시는 이유가 있으신가요?
집에 혼자 있는 시간이 많아서 외로워.,외로움을 많이 느끼시는군요. 자세히 말씀해주실 수 있나요?
내가 뭘 그렇게 잘못한 거지?,무슨 일이 있으셨나요?
사는 게 정말 힘드네.,어떤 일이 있으셨어요?
할 일이 없네.,왜 할 일이 없다고 느끼시나요?
할 일도 없고 돈도 없어서 너무 힘들어.,하실 일이 없어서 힘드시군요.
내 딸이 친구의 딸 때문에 다쳐서 친구에게 심하게 화를 냈어. 친구에게 너무 미안해.,친구에게 화를 내서 마음이 좋지 않으시군요.
친한 친구들 사이에서 자꾸 눈치를 보게 돼서 괴로워.,친구들의 눈치를 보게 돼서 괴로우시군요.
이번에 시험 성적이 너무 많이 떨어졌어. 너무 슬퍼.,시험 성적이 크게 떨어져서 슬프시군요.
우울증 때문에 사람을 만나는 게 너무 힘들어.,우울증 때문에 사람을 만나는 것이 힘드시군요.
취업이 너무 안 돼서 힘들어.,취업이 안 돼서 힘드시겠어요.
요새 사는 게 너무 힘들어.,요즘 사는 게 많이 힘드시군요. 조금 더 자세히 말씀해주시겠어요?
퇴직을 하게 되어서 경제적으로 어려움이 생겼어.,조금 더 자세하게 말씀해주시겠어요?
이제 나이가 들어 노후준비를 해야 하는데 경제적으로 어려워서 너무 힘들어.,경제적으로 힘들어 노후준비가 어려워 슬프시겠어요.
아직도 부모님께 용돈을 받아 쓰고 있는 내가 너무 한심해.,부모님께 용돈을 받아 쓰고 있는 상황이 힘드시군요.
학교에서 친구들에게 괴롭힘을 당하고 있어.,친구들에게 괴롭힘을 당하고 계시는군요.
나 이번 시험 성적이 또 떨어졌어. 정말 울고 싶어.,시험 성적이 떨어져서 정말 슬프시겠어요.
남편이 돌아가셔서 눈물이 나.,남편이 돌아가셔서 슬프시군요.
얼마 전에 이혼을 해서 너무 슬프고 계속 울고 싶어.,얼마 전에 이혼을 하셔서 많이 슬프시군요.
퇴직하고 앞으로 어떤 일을 할 수 있을지 모르겠어.,퇴직 후에 어떤 일을 할 수 있을지 고민이시군요.
얼마 전에 남편과 이혼을 했어.,조금 더 자세히 말씀해주시겠어요?
내 친구 중에 나와 성격이 맞지 않는 애가 있어 고민이야.,친구와 성격이 맞지 않아 고민이시군요. 힘드시겠어요.
나 우울증이 있는데 요즘 친구들 사이에서 눈치를 보게 돼.,친구들 사이에서 눈치를 보게 돼서 힘드시겠어요.
회사가 힘들어서 퇴직을 했는데 돈이 없어서 힘들어.,퇴직을 했는데 돈이 없어서 힘드시겠어요.
어머니가 많이 아프셔서 마음이 너무 힘들고 몸도 너무 힘들어.,어머니가 많이 아프셔서 많이 힘드시군요.
남자친구랑 싸워서 너무 마음이 안 좋아.,남자친구와 싸워서 마음이 안 좋으시군요.
여자친구와 성적 이야기를 하다 싸워서 기분이 안 좋아.,여자친구와 싸워서 속상하시겠어요.
친구랑 싸워서 우울해.,친구랑 싸워서 우울하시군요.
나는 무엇을 하고 살아야 할까? 하고 싶은 일이 없어.,앞으로 하고 싶은 일이 없어서 고민이시군요.
학교에서 친구들에게 학교폭력을 당하고 있어. 이런 나 자신이 싫어.,학교에서 학교폭력을 당하고 있어 많이 속상하시겠어요.
우울증 때문에 성적이 안 나오는 것 같아서 슬퍼.,우울증 때문에 성적이 안 나와서 슬프시군요.
남자친구랑 우리 부모님 때문에 싸웠어.,조금 더 자세히 말씀해주시겠어요?
시험 볼 때마다 성적이 안 좋아서 너무 짜증 나.,결과가 안 좋아서 속상하셨겠어요.
친구들과 있을 때 부모님 눈치 보는 것처럼 친구들 눈치를 보게 돼.,친구들 눈치를 보게 되어서 마음이 불편하시겠어요.
몸이 불편해서 무슨 일을 해야 할지 정말 모르겠어. 난 아무것도 할 수 없을 거야.,몸이 안 좋아 무슨 일을 해야 할지 고민이 되는군요.
지금 나의 건강 상태가 좋지 않아서 너무 슬퍼.,건강 상태가 좋지 않아 슬프시군요.
내가 앞으로 어떤 일을 해야 할지 고민이 돼.,진로에 대해 걱정이 되는군요.
내가 지금 하고 있는 일이 정말 내가 하고 싶은 일인지 알 수가 없어서 속상해.,진로에 대해 걱정이 되시는군요.
자녀 문제로 이혼을 할 것 같아 너무 두려워.,자녀 문제로 이혼을 할 것 같아 두려우시군요.
취업이 되지 않아서 우울증이 생겼어. 너무 슬퍼.,취업 문제로 인해 스트레스를 받고 계시는군요.
성적이 안 나와서 큰일이야. 어떻게 해야 할지 모르겠어.,성적 때문에 걱정이시군요.
취업이 너무 안 돼서 요즘 기분이 안 좋아.,취업이 잘 안 돼서 기분이 안 좋으시겠어요.
요즘 회사에서 너무 스트레스를 받아.,회사에서 스트레스를 받으시는군요.
반에서 내가 좋아하는 아이가 많이 아파. 너무 속상해.,좋아하는 분이 아프셔서 속상하시겠어요.
경제적 형편이 어려워서 나도 모르게 가족들에게 심한 말을 했어. 죄책감이 들어.,가족들에게 심한 말을 해서 괴로우시군요.
가족들이 너무 많이 싸워서 걱정돼. 너무 힘들어.,가족들이 너무 많이 싸워서 슬프겠어요.
너무 억울해. 난 정말 열심히 했는데 성적이 안 나와서 너무 슬퍼.,열심히 했는데 성적이 안 나와서 슬프시겠어요.
나는 친구들이랑 함께 있으면 너무 눈치를 보게 돼.,친구들의 눈치를 보게 돼서 힘드시겠어요.
나는 공부를 너무 못하는 것 같아. 성적이 너무 마음에 안 들어.,성적 때문에 속상하시군요.
나이가 들어 돈이 없으니 친구들을 만날 수 없어서 슬퍼.,돈이 없어서 친구들과 만날 수 없어 슬프겠어요.
회사에서 퇴직하고 나니 경제적으로 어려워 너무 힘들어.,회사 퇴직 후 경제적으로 어려워서 힘드시겠어요.
학교 성적 때문에 매일 죄책감이 들어.,학교 성적 때문에 죄책감을 느끼고 계시는군요.
다 늙어서 남편과 이혼을 했는데 너무 외로워.,남편과 이혼을 하고 외로우시군요.
정말 죽고 싶다. 왕따를 당했어.,마음이 많이 안 좋고 힘드시겠어요.
친했던 친구와 싸워서 너무 힘들어.,친했던 친구와 싸워서 힘드셨군요.
요즘 우울증 때문에 일을 하지 못해서 소득이 없어서 너무 고민이 많아.,우울증 때문에 경제적 어려움을 겪고 있어 고민이시군요.
오랜만에 건강검진을 했는데 건강에 문제가 있다는 것을 알게 되었어.,건강 상태가 안 좋아져서 마음이 아프시군요.
성적이 너무 안 나와서 걱정이야.,성적이 안 나와서 걱정이 많으시겠어요.
몸이 너무 안 좋아져서 퇴직을 하게 됐는데 너무 슬퍼.,그런 일이 생겨 많이 속상하시겠어요.
나의 건강에 문제가 있다는 걸 알게 됐어. 울고 싶다.,건강에 문제가 있다는 걸 알게 되어서 슬프시군요.
친한 친구들 사이에서 왕따를 당하고 있어 짜증 나.,친한 친구들에게 왕따를 당하고 있어서 짜증 나셨군요.
친구들에게 왕따를 당하는 것 때문에 열등감을 느끼고 있어.,친구들에게 왕따를 당해서 열등감을 느끼시는군요.
노후준비를 해야 하는데 아직 준비를 하나도 못했어. 너무 속상해.,노후준비를 못 하셔서 많이 속상하시겠어요.
몸이 너무 아파서 일을 더 이상 할 수가 없어. 너무 속상해.,일을 하지 못해서 많이 속상하시겠어요.
아들에게 좋은 아빠가 되지 못해 슬퍼.,좋은 아빠가 되지 못해 슬프시군요.
퇴직을 했는데 경제적으로 어려움이 있어서 미래가 걱정돼.,경제적으로 어려움이 있어서 미래가 걱정되시는군요.
이제 곧 퇴직을 앞두고 있어서 걱정돼.,퇴직을 앞두고 걱정이 되시는군요.
아내가 많이 아파서 너무 슬퍼.,아내가 아파서 슬프시겠어요.
친구가 학교폭력을 당하고 있는데 도움이 되지 못해서 죄책감이 들어.,친구에게 도움이 되지 못해서 괴로우시군요.
먹고 살기 위해 남편이 아직 일하고 있지만 나는 능력이 안 돼서 짜증이 나.,일하는 것이 많이 힘드시군요. 정말 속상하시겠어요.
친구랑 싸웠어. 너무 속상해.,친구와 싸워서 속상하시군요.
